Z6KITtqfEH9y9EnXRd57,5,hWB4qgFYtIfJABvjq3XfEsxiGVU2,1,1,1,00
Z6KITtqfEH9y9EnXRd57,5,hWB4qgFYtIfJABvjq3XfEsxiGVU2,1,1,0,1
YMJqe9iK1fZCJJQn3WHV,2,EjT2OL7otRShSYDc2FBPooYekZC3,1,2,1,1
YMJqe9iK1fZCJJQn3WHV,2,EjT2OL7otRShSYDc2FBPooYekZC3,1,2,0,1
YMJqe9iK1fZCJJQn3WHV,2,EjT2OL7otRShSYDc2FBPooYekZC3,1,2,0,0
YG000zPM4o8b4JDsFpjx,4,hFCh5cEjAISQRtq8ZyXxiJhVuV03,3,1,0,0
YG000zPM4o8b4JDsFpjx,4,hFCh5cEjAISQRtq8ZyXxiJhVuV03,3,1,0,0
Xl3NglFalBiVSmvjlTmY,1,kQ0okpadrAURKYiYvXdqoiV7I2c2,4,2,0,1
Xl3NglFalBiVSmvjlTmY,1,kQ0okpadrAURKYiYvXdqoiV7I2c2,4,2,1,1
Xl3NglFalBiVSmvjlTmY,1,kQ0okpadrAURKYiYvXdqoiV7I2c2,4,2,0,1
wWOfaOu9t5UG42ad7LNZ,5,hWB4qgFYtIfJABvjq3XfEsxiGVU2,1,1,0,1
wWOfaOu9t5UG42ad7LNZ,5,hWB4qgFYtIfJABvjq3XfEsxiGVU2,1,1,0,0
WBetKvx5rlVyz5ooRd4F,5,xGGtTI4nXAaGemqiXS5XUKzQITG2,2,1,0,1
W5yK0egZlSd7fE6k7v7G,2,lZz9aYfTGXhMIpVpuI5MvwKOC812,2,2,0,1
W5yK0egZlSd7fE6k7v7G,2,lZz9aYfTGXhMIpVpuI5MvwKOC812,2,2,1,0
W5yK0egZlSd7fE6k7v7G,2,lZz9aYfTGXhMIpVpuI5MvwKOC812,2,2,0,1
v8gfTMF9pmfYG5V2PJKe,5,hWB4qgFYtIfJABvjq3XfEsxiGVU2,1,1,0,0
v8gfTMF9pmfYG5V2PJKe,5,hWB4qgFYtIfJABvjq3XfEsxiGVU2,1,1,0,1
V6nL5AJueNny9lfLW6c3,4,hFCh5cEjAISQRtq8ZyXxiJhVuV03,3,2,1,1
V6nL5AJueNny9lfLW6c3,4,hFCh5cEjAISQRtq8ZyXxiJhVuV03,3,2,0,1
V6nL5AJueNny9lfLW6c3,4,hFCh5cEjAISQRtq8ZyXxiJhVuV03,3,2,0,1
uIpM62GZPSWyMgO1vupb,4,6OqQDrHmcXS1RWrAXFvvwtNPgdh1,1,1,0,1
u6QZKBsOHFPKkxBcqSTq,4,6OqQDrHmcXS1RWrAXFvvwtNPgdh1,1,1,0,1
u6QZKBsOHFPKkxBcqSTq,4,6OqQDrHmcXS1RWrAXFvvwtNPgdh1,1,1,1,1
U5jZO5LXK3kvmWeSU11l,5,EjT2OL7otRShSYDc2FBPooYekZC3,1,1,0,1
tEH4DJZPyxIfei7wvixP,2,6OqQDrHmcXS1RWrAXFvvwtNPgdh1,1,2,0,1
tEH4DJZPyxIfei7wvixP,2,6OqQDrHmcXS1RWrAXFvvwtNPgdh1,1,2,1,1
tEH4DJZPyxIfei7wvixP,2,6OqQDrHmcXS1RWrAXFvvwtNPgdh1,1,2,0,1
sokb7PEnQAhmDUCYyoNs,4,6OqQDrHmcXS1RWrAXFvvwtNPgdh1,1,1,0,1
sokb7PEnQAhmDUCYyoNs,4,6OqQDrHmcXS1RWrAXFvvwtNPgdh1,1,1,1,1
SJHlX4iL7jKo9qqYq2Ng,5,xGGtTI4nXAaGemqiXS5XUKzQITG2,2,1,0,0
Sdw40jaQ1vHuO2s8vxg0,2,lZz9aYfTGXhMIpVpuI5MvwKOC812,2,2,0,1
Sdw40jaQ1vHuO2s8vxg0,2,lZz9aYfTGXhMIpVpuI5MvwKOC812,2,2,0,1
s3D5O7XirIBtJn2TYGKS,2,6OqQDrHmcXS1RWrAXFvvwtNPgdh1,1,1,0,0
s3D5O7XirIBtJn2TYGKS,2,6OqQDrHmcXS1RWrAXFvvwtNPgdh1,1,1,1,1
RvVDno0L1RhKkvVTGZG9,1,lZz9aYfTGXhMIpVpuI5MvwKOC812,2,1,0,1
RUJkQYzpRMwYvSU1Ffgh,1,voMVXmunAMRn8KvryeuyrC4YC1r2,2,1,0,1
rqX7ZmG0XQvbQh8IXarS,2,6OqQDrHmcXS1RWrAXFvvwtNPgdh1,1,1,0,1
RlELjHnEOH1FqFFonlyH,2,xGGtTI4nXAaGemqiXS5XUKzQITG2,2,2,0,0
RlELjHnEOH1FqFFonlyH,2,EjT2OL7otRShSYDc2FBPooYekZC3,1,2,0,1
RlELjHnEOH1FqFFonlyH,2,EjT2OL7otRShSYDc2FBPooYekZC3,1,2,1,1
RL6n7xPI9QAFhtnjeNXR,3,TgMAGMAPw2WhomkI1bbYNwuTqzz1,1,1,1,1
RL6n7xPI9QAFhtnjeNXR,3,TgMAGMAPw2WhomkI1bbYNwuTqzz1,1,1,0,1
RISa84sSYdgh8ze99YvX,1,voMVXmunAMRn8KvryeuyrC4YC1r2,2,1,0,1
qPJVoEpTTxQxUNaoJOc9,2,6OqQDrHmcXS1RWrAXFvvwtNPgdh1,1,3,0,1
qPJVoEpTTxQxUNaoJOc9,2,hWB4qgFYtIfJABvjq3XfEsxiGVU2,1,3,0,1
qPJVoEpTTxQxUNaoJOc9,2,hWB4qgFYtIfJABvjq3XfEsxiGVU2,1,3,1,0
qPJVoEpTTxQxUNaoJOc9,2,hWB4qgFYtIfJABvjq3XfEsxiGVU2,1,3,0,1
qPJVoEpTTxQxUNaoJOc9,2,hWB4qgFYtIfJABvjq3XfEsxiGVU2,1,3,0,0
PkPTHMAzjIyuKTYyG8vx,5,xGGtTI4nXAaGemqiXS5XUKzQITG2,2,1,0,1
paGuwi8G6Vs3UEJWcYqC,2,hWB4qgFYtIfJABvjq3XfEsxiGVU2,1,2,0,1
paGuwi8G6Vs3UEJWcYqC,2,6OqQDrHmcXS1RWrAXFvvwtNPgdh1,1,2,1,1
paGuwi8G6Vs3UEJWcYqC,2,hWB4qgFYtIfJABvjq3XfEsxiGVU2,1,2,1,1
paGuwi8G6Vs3UEJWcYqC,2,6OqQDrHmcXS1RWrAXFvvwtNPgdh1,1,2,0,1
P1Xph0OVP135Xtem1AsX,3,EFyklpIRA3Y6W6u10wFrV0qmIYH2,1,1,1,0
P1Xph0OVP135Xtem1AsX,3,EFyklpIRA3Y6W6u10wFrV0qmIYH2,1,1,0,1
OMcMzuSk0OEfSBK9AJeZ,3,EFyklpIRA3Y6W6u10wFrV0qmIYH2,1,1,1,1
OMcMzuSk0OEfSBK9AJeZ,3,EFyklpIRA3Y6W6u10wFrV0qmIYH2,1,1,0,1
Ntp5EEvUfqBmKL1NyLYv,2,lZz9aYfTGXhMIpVpuI5MvwKOC812,2,2,0,1
Ntp5EEvUfqBmKL1NyLYv,2,xGGtTI4nXAaGemqiXS5XUKzQITG2,2,2,0,1
nSbehHUD0KNNZks5BegI,5,hWB4qgFYtIfJABvjq3XfEsxiGVU2,1,1,0,1
nSbehHUD0KNNZks5BegI,5,hWB4qgFYtIfJABvjq3XfEsxiGVU2,1,1,1,1
NI9yHCkmgMYmOcqfeJeL,5,lZz9aYfTGXhMIpVpuI5MvwKOC812,2,2,0,1
NI9yHCkmgMYmOcqfeJeL,5,lZz9aYfTGXhMIpVpuI5MvwKOC812,2,2,0,1
nGdzKrcnbbk9C5vXqV9g,4,6OqQDrHmcXS1RWrAXFvvwtNPgdh1,1,1,0,0
nGdzKrcnbbk9C5vXqV9g,4,6OqQDrHmcXS1RWrAXFvvwtNPgdh1,1,1,1,1
MU4VNOw3UEEpY8ccPC4J,4,6OqQDrHmcXS1RWrAXFvvwtNPgdh1,1,1,0,1
mo9NzXkHpE6sAssVtDnL,1,d2xjFegkYrbaYVUllZbwOnMPcs22,4,3,1,1
mo9NzXkHpE6sAssVtDnL,1,d2xjFegkYrbaYVUllZbwOnMPcs22,4,3,0,1
mo9NzXkHpE6sAssVtDnL,1,d2xjFegkYrbaYVUllZbwOnMPcs22,4,3,0,1
mo9NzXkHpE6sAssVtDnL,1,d2xjFegkYrbaYVUllZbwOnMPcs22,4,3,0,1
mo9NzXkHpE6sAssVtDnL,1,d2xjFegkYrbaYVUllZbwOnMPcs22,4,3,1,1
MKf5h4zRKek6hcwQPUVG,3,EFyklpIRA3Y6W6u10wFrV0qmIYH2,1,1,1,1
MKf5h4zRKek6hcwQPUVG,3,EFyklpIRA3Y6W6u10wFrV0qmIYH2,1,1,0,1
Ma8JZqmzr3EE27Q6MUM7,1,lZz9aYfTGXhMIpVpuI5MvwKOC812,2,2,0,1
Ma8JZqmzr3EE27Q6MUM7,1,lZz9aYfTGXhMIpVpuI5MvwKOC812,2,2,0,1
Ma8JZqmzr3EE27Q6MUM7,1,lZz9aYfTGXhMIpVpuI5MvwKOC812,2,2,1,1
M2b7FopDjs0fQyrbkbVg,1,voMVXmunAMRn8KvryeuyrC4YC1r2,2,2,0,1
M2b7FopDjs0fQyrbkbVg,1,Cb0TFCwYZUUj5xJA43vG9W9LUbn1,3,2,1,1
M2b7FopDjs0fQyrbkbVg,1,Cb0TFCwYZUUj5xJA43vG9W9LUbn1,3,2,0,1
LpeU5TZDct0pavIl4SpU,2,voMVXmunAMRn8KvryeuyrC4YC1r2,2,5,0,1
LpeU5TZDct0pavIl4SpU,2,EFyklpIRA3Y6W6u10wFrV0qmIYH2,1,5,0,1
LpeU5TZDct0pavIl4SpU,2,xGGtTI4nXAaGemqiXS5XUKzQITG2,2,5,0,1
LpeU5TZDct0pavIl4SpU,2,lZz9aYfTGXhMIpVpuI5MvwKOC812,2,5,0,1
LpeU5TZDct0pavIl4SpU,2,EFyklpIRA3Y6W6u10wFrV0qmIYH2,1,5,1,1
LpeU5TZDct0pavIl4SpU,2,voMVXmunAMRn8KvryeuyrC4YC1r2,2,5,0,1
LG5Gy5AQ0ziYlR2K20L6,2,C16izLNd6RTDLZ544nZd64LrITG3,2,1,1,1
LG5Gy5AQ0ziYlR2K20L6,2,C16izLNd6RTDLZ544nZd64LrITG3,2,1,0,1
LeErk6mMw1RmwX5Jdcqe,2,EFyklpIRA3Y6W6u10wFrV0qmIYH2,1,2,0,1
LeErk6mMw1RmwX5Jdcqe,2,C16izLNd6RTDLZ544nZd64LrITG3,2,2,0,1
LeErk6mMw1RmwX5Jdcqe,2,EFyklpIRA3Y6W6u10wFrV0qmIYH2,1,2,0,0
LDNpN0WDvDY5qSG4UtFp,3,EFyklpIRA3Y6W6u10wFrV0qmIYH2,1,1,0,1
LDNpN0WDvDY5qSG4UtFp,3,EFyklpIRA3Y6W6u10wFrV0qmIYH2,1,1,1,1
KMyjPuAV3gi9LeUW2D6D,5,xGGtTI4nXAaGemqiXS5XUKzQITG2,2,1,0,1
kL2V5Ca2K6blsBGHBCKH,5,hWB4qgFYtIfJABvjq3XfEsxiGVU2,1,1,0,1
kL2V5Ca2K6blsBGHBCKH,5,hWB4qgFYtIfJABvjq3XfEsxiGVU2,1,1,0,0
Kk16YQ41QyOTwak9Uykj,2,C16izLNd6RTDLZ544nZd64LrITG3,2,1,0,1
kHqsn7L45QcYNX7wU5Zf,4,6OqQDrHmcXS1RWrAXFvvwtNPgdh1,1,3,0,1
kHqsn7L45QcYNX7wU5Zf,4,6OqQDrHmcXS1RWrAXFvvwtNPgdh1,1,3,1,1
kHqsn7L45QcYNX7wU5Zf,4,6OqQDrHmcXS1RWrAXFvvwtNPgdh1,1,3,0,1
kHqsn7L45QcYNX7wU5Zf,4,EjT2OL7otRShSYDc2FBPooYekZC3,1,3,0,1
kHqsn7L45QcYNX7wU5Zf,4,EjT2OL7otRShSYDc2FBPooYekZC3,1,3,1,1
KFQJSUo7WBVn2w8kCnU4,2,xGGtTI4nXAaGemqiXS5XUKzQITG2,2,2,0,1
KFQJSUo7WBVn2w8kCnU4,2,dOXY4Mjav6WXnTl6t40bZR2w1an2,2,2,0,1
Jw44h7yYD5rCvWWuB3dK,2,hWB4qgFYtIfJABvjq3XfEsxiGVU2,1,3,0,1
Jw44h7yYD5rCvWWuB3dK,2,EFyklpIRA3Y6W6u10wFrV0qmIYH2,1,3,0,1
Jw44h7yYD5rCvWWuB3dK,2,xGGtTI4nXAaGemqiXS5XUKzQITG2,2,3,0,1
Jw44h7yYD5rCvWWuB3dK,2,hWB4qgFYtIfJABvjq3XfEsxiGVU2,1,3,1,1
Jw44h7yYD5rCvWWuB3dK,2,EFyklpIRA3Y6W6u10wFrV0qmIYH2,1,3,0,0
JPFGSkcXFo0JXRK7WB3F,2,C16izLNd6RTDLZ544nZd64LrITG3,2,1,0,1
jhdaQuiAQAtcF5gTCMuB,4,6OqQDrHmcXS1RWrAXFvvwtNPgdh1,1,2,0,1
jhdaQuiAQAtcF5gTCMuB,4,6OqQDrHmcXS1RWrAXFvvwtNPgdh1,1,2,1,1
jhdaQuiAQAtcF5gTCMuB,4,EjT2OL7otRShSYDc2FBPooYekZC3,1,2,0,1
J4OgiUJmNdfOy2yDVzCW,5,C16izLNd6RTDLZ544nZd64LrITG3,2,2,0,1
J4OgiUJmNdfOy2yDVzCW,5,C16izLNd6RTDLZ544nZd64LrITG3,2,2,0,1
J1V09vMffOC5pNcEehbO,4,hFCh5cEjAISQRtq8ZyXxiJhVuV03,3,1,0,1
Ixp5c5JbGvTyLPlwS7TJ,2,EFyklpIRA3Y6W6u10wFrV0qmIYH2,1,2,0,0
Ixp5c5JbGvTyLPlwS7TJ,2,EFyklpIRA3Y6W6u10wFrV0qmIYH2,1,2,0,1
Ixp5c5JbGvTyLPlwS7TJ,2,dOXY4Mjav6WXnTl6t40bZR2w1an2,2,2,0,1
IlpEdx4lTMx6CDBWEPOZ,3,EFyklpIRA3Y6W6u10wFrV0qmIYH2,1,1,0,1
IlpEdx4lTMx6CDBWEPOZ,3,EFyklpIRA3Y6W6u10wFrV0qmIYH2,1,1,1,1
IJTaBCAXXgW9NjnQxq11,1,C16izLNd6RTDLZ544nZd64LrITG3,2,2,0,1
IJTaBCAXXgW9NjnQxq11,1,lZz9aYfTGXhMIpVpuI5MvwKOC812,2,2,0,1
HulNs85fxSBzyInr1PUj,2,d2xjFegkYrbaYVUllZbwOnMPcs22,4,4,1,1
HulNs85fxSBzyInr1PUj,2,d2xjFegkYrbaYVUllZbwOnMPcs22,4,4,0,1
HulNs85fxSBzyInr1PUj,2,d2xjFegkYrbaYVUllZbwOnMPcs22,4,4,0,1
HulNs85fxSBzyInr1PUj,2,xGGtTI4nXAaGemqiXS5XUKzQITG2,2,4,0,1
HulNs85fxSBzyInr1PUj,2,dOXY4Mjav6WXnTl6t40bZR2w1an2,2,4,0,1
HulNs85fxSBzyInr1PUj,2,dOXY4Mjav6WXnTl6t40bZR2w1an2,2,4,1,1
Hk4R0ZFKs6rpZMbnSW4c,2,lZz9aYfTGXhMIpVpuI5MvwKOC812,2,2,0,1
Hk4R0ZFKs6rpZMbnSW4c,2,voMVXmunAMRn8KvryeuyrC4YC1r2,2,2,0,1
H2wNRxbptFKuItSWKnzF,2,dOXY4Mjav6WXnTl6t40bZR2w1an2,2,2,0,1
H2wNRxbptFKuItSWKnzF,2,d2xjFegkYrbaYVUllZbwOnMPcs22,4,2,0,1
h2NJ0XEFkH6Uu30MTEFn,2,6OqQDrHmcXS1RWrAXFvvwtNPgdh1,1,1,0,1
GVWP5o0YE8JfszuAQ4rl,2,d2xjFegkYrbaYVUllZbwOnMPcs22,4,4,1,1
GVWP5o0YE8JfszuAQ4rl,2,xGGtTI4nXAaGemqiXS5XUKzQITG2,2,4,0,0
GVWP5o0YE8JfszuAQ4rl,2,d2xjFegkYrbaYVUllZbwOnMPcs22,4,4,0,1
GVWP5o0YE8JfszuAQ4rl,2,d2xjFegkYrbaYVUllZbwOnMPcs22,4,4,0,1
GVWP5o0YE8JfszuAQ4rl,2,xGGtTI4nXAaGemqiXS5XUKzQITG2,2,4,0,1
GVWP5o0YE8JfszuAQ4rl,2,xGGtTI4nXAaGemqiXS5XUKzQITG2,2,4,0,1
gqGhqbYOMBlAcaXVJh2w,4,rXwFSYPxvmc15kpPCGfZQUcWYRD2,1,1,0,1
gOKaTQUhAalmNmleLh9y,4,6OqQDrHmcXS1RWrAXFvvwtNPgdh1,1,2,0,1
gOKaTQUhAalmNmleLh9y,4,EjT2OL7otRShSYDc2FBPooYekZC3,1,2,0,1
gOIbmAISfD5R0LKT1u9k,2,hWB4qgFYtIfJABvjq3XfEsxiGVU2,1,3,0,0
gOIbmAISfD5R0LKT1u9k,2,hWB4qgFYtIfJABvjq3XfEsxiGVU2,1,3,0,1
gOIbmAISfD5R0LKT1u9k,2,hWB4qgFYtIfJABvjq3XfEsxiGVU2,1,3,1,1
gOIbmAISfD5R0LKT1u9k,2,6OqQDrHmcXS1RWrAXFvvwtNPgdh1,1,3,1,1
gOIbmAISfD5R0LKT1u9k,2,hWB4qgFYtIfJABvjq3XfEsxiGVU2,1,3,0,1
gOIbmAISfD5R0LKT1u9k,2,6OqQDrHmcXS1RWrAXFvvwtNPgdh1,1,3,0,1
GMXeYbRwLWtHs5t55vKn,5,xGGtTI4nXAaGemqiXS5XUKzQITG2,2,1,0,1
GEb2Li5M9QT8mbrhoc6U,2,hWB4qgFYtIfJABvjq3XfEsxiGVU2,1,2,1,1
GEb2Li5M9QT8mbrhoc6U,2,d2xjFegkYrbaYVUllZbwOnMPcs22,4,2,0,1
GEb2Li5M9QT8mbrhoc6U,2,hWB4qgFYtIfJABvjq3XfEsxiGVU2,1,2,0,1
GbimSlUvtILJrr0W3X8V,4,voMVXmunAMRn8KvryeuyrC4YC1r2,2,2,0,1
GbimSlUvtILJrr0W3X8V,4,hFCh5cEjAISQRtq8ZyXxiJhVuV03,3,2,0,1
FUzqBhPF6A1pYUOxuko8,3,EFyklpIRA3Y6W6u10wFrV0qmIYH2,1,1,0,1
FUzqBhPF6A1pYUOxuko8,3,EFyklpIRA3Y6W6u10wFrV0qmIYH2,1,1,1,1
FPtAdfhCa8IaMut53tcU,4,lZz9aYfTGXhMIpVpuI5MvwKOC812,2,1,0,1
FfIeyF2qW2zybsdX77vC,5,C16izLNd6RTDLZ544nZd64LrITG3,2,3,0,1
FfIeyF2qW2zybsdX77vC,5,C16izLNd6RTDLZ544nZd64LrITG3,2,3,1,1
FfIeyF2qW2zybsdX77vC,5,C16izLNd6RTDLZ544nZd64LrITG3,2,3,0,1
FfIeyF2qW2zybsdX77vC,5,hWB4qgFYtIfJABvjq3XfEsxiGVU2,1,3,0,1
FACgpjwVXKud0xJxOQZl,1,voMVXmunAMRn8KvryeuyrC4YC1r2,2,1,0,1
ezIrCOn6RjOpK1eseLrV,2,6OqQDrHmcXS1RWrAXFvvwtNPgdh1,1,1,0,1
ezIrCOn6RjOpK1eseLrV,2,6OqQDrHmcXS1RWrAXFvvwtNPgdh1,1,1,1,1
EOqjMtoyEPe7P4FaWJbS,4,hFCh5cEjAISQRtq8ZyXxiJhVuV03,3,2,0,1
EOqjMtoyEPe7P4FaWJbS,4,hFCh5cEjAISQRtq8ZyXxiJhVuV03,3,2,0,0
EOqjMtoyEPe7P4FaWJbS,4,hFCh5cEjAISQRtq8ZyXxiJhVuV03,3,2,0,1
EOqjMtoyEPe7P4FaWJbS,4,hFCh5cEjAISQRtq8ZyXxiJhVuV03,3,2,1,1
Eo19BaXAwWphTA895C5C,2,voMVXmunAMRn8KvryeuyrC4YC1r2,2,3,0,1
Eo19BaXAwWphTA895C5C,2,voMVXmunAMRn8KvryeuyrC4YC1r2,2,3,1,1
Eo19BaXAwWphTA895C5C,2,voMVXmunAMRn8KvryeuyrC4YC1r2,2,3,0,1
Eo19BaXAwWphTA895C5C,2,d2xjFegkYrbaYVUllZbwOnMPcs22,4,3,0,1
EGpq90Oej1HZBj7TFWgu,4,voMVXmunAMRn8KvryeuyrC4YC1r2,2,3,0,1
EGpq90Oej1HZBj7TFWgu,4,hFCh5cEjAISQRtq8ZyXxiJhVuV03,3,3,0,1
EGpq90Oej1HZBj7TFWgu,4,voMVXmunAMRn8KvryeuyrC4YC1r2,2,3,0,1
EGpq90Oej1HZBj7TFWgu,4,hFCh5cEjAISQRtq8ZyXxiJhVuV03,3,3,0,0
EdSybSvL8EMbfXp7qeat,1,lZz9aYfTGXhMIpVpuI5MvwKOC812,2,2,0,1
EdSybSvL8EMbfXp7qeat,1,C16izLNd6RTDLZ544nZd64LrITG3,2,2,0,1
EcuR93BFoRPrqqvnjlEN,2,6OqQDrHmcXS1RWrAXFvvwtNPgdh1,1,6,0,1
EcuR93BFoRPrqqvnjlEN,2,Cb0TFCwYZUUj5xJA43vG9W9LUbn1,3,6,0,1
EcuR93BFoRPrqqvnjlEN,2,dOXY4Mjav6WXnTl6t40bZR2w1an2,2,6,0,1
EcuR93BFoRPrqqvnjlEN,2,Cb0TFCwYZUUj5xJA43vG9W9LUbn1,3,6,1,1
EcuR93BFoRPrqqvnjlEN,2,kQ0okpadrAURKYiYvXdqoiV7I2c2,4,6,0,1
EcuR93BFoRPrqqvnjlEN,2,kQ0okpadrAURKYiYvXdqoiV7I2c2,4,6,1,1
EcuR93BFoRPrqqvnjlEN,2,kQ0okpadrAURKYiYvXdqoiV7I2c2,4,6,0,1
EcuR93BFoRPrqqvnjlEN,2,C16izLNd6RTDLZ544nZd64LrITG3,2,6,0,1
Eb2ut5rHf8zjusIHFwIA,4,hFCh5cEjAISQRtq8ZyXxiJhVuV03,3,1,0,1
Dy0E2KoQrETPf37TZv7J,1,C16izLNd6RTDLZ544nZd64LrITG3,2,1,0,1
Dy0E2KoQrETPf37TZv7J,1,C16izLNd6RTDLZ544nZd64LrITG3,2,1,1,1
DxHCce8NXzclUY5ykb3Y,1,lZz9aYfTGXhMIpVpuI5MvwKOC812,2,2,0,1
DxHCce8NXzclUY5ykb3Y,1,lZz9aYfTGXhMIpVpuI5MvwKOC812,2,2,0,1
DATch7d9cQrk8H1IwGOW,2,xGGtTI4nXAaGemqiXS5XUKzQITG2,2,2,0,1
DATch7d9cQrk8H1IwGOW,2,Ade1GjUBjBa8as7trH4gYVL6z643,3,2,0,1
CzSNhzBrH5xAQklzTqa6,3,EjT2OL7otRShSYDc2FBPooYekZC3,1,1,0,1
CSAyKAAIAriLxe4jNNeu,1,xGGtTI4nXAaGemqiXS5XUKzQITG2,2,2,0,1
CSAyKAAIAriLxe4jNNeu,1,C16izLNd6RTDLZ544nZd64LrITG3,2,2,0,1
CijuThhLx4AYN6hazjpy,1,voMVXmunAMRn8KvryeuyrC4YC1r2,2,1,0,1
CCTEMD3ZJcWin1lz1qrd,5,voMVXmunAMRn8KvryeuyrC4YC1r2,2,2,0,1
CCTEMD3ZJcWin1lz1qrd,5,xGGtTI4nXAaGemqiXS5XUKzQITG2,2,2,0,1
C7MaCOgNsRPdfYtA3d1K,4,lZz9aYfTGXhMIpVpuI5MvwKOC812,2,1,0,1
BzXxo1bbeowYm6PaBgzi,4,voMVXmunAMRn8KvryeuyrC4YC1r2,2,1,0,1
BoHPqmQDS61eW9BSP15P,1,Ade1GjUBjBa8as7trH4gYVL6z643,3,3,1,1
BoHPqmQDS61eW9BSP15P,1,Ade1GjUBjBa8as7trH4gYVL6z643,3,3,0,1
BoHPqmQDS61eW9BSP15P,1,dOXY4Mjav6WXnTl6t40bZR2w1an2,2,3,0,1
BoHPqmQDS61eW9BSP15P,1,Ade1GjUBjBa8as7trH4gYVL6z643,3,3,0,0
BoHPqmQDS61eW9BSP15P,1,Ade1GjUBjBa8as7trH4gYVL6z643,3,3,0,1
BkY0jRxwUuv2LlT0ZWVz,5,dOXY4Mjav6WXnTl6t40bZR2w1an2,2,4,0,1
BkY0jRxwUuv2LlT0ZWVz,5,dOXY4Mjav6WXnTl6t40bZR2w1an2,2,4,0,1
BkY0jRxwUuv2LlT0ZWVz,5,lZz9aYfTGXhMIpVpuI5MvwKOC812,2,4,0,1
BkY0jRxwUuv2LlT0ZWVz,5,l4iWTFEMvUNXkC1Uf82sIL83opn1,3,4,0,1
BkY0jRxwUuv2LlT0ZWVz,5,dOXY4Mjav6WXnTl6t40bZR2w1an2,2,4,1,1
BKMChMlEM4JagiRnhs1p,4,C16izLNd6RTDLZ544nZd64LrITG3,2,2,0,1
BKMChMlEM4JagiRnhs1p,4,C16izLNd6RTDLZ544nZd64LrITG3,2,2,0,1
AXQK9TnloRjUHS8yVAfU,1,voMVXmunAMRn8KvryeuyrC4YC1r2,2,3,1,1
AXQK9TnloRjUHS8yVAfU,1,xGGtTI4nXAaGemqiXS5XUKzQITG2,2,3,0,1
AXQK9TnloRjUHS8yVAfU,1,voMVXmunAMRn8KvryeuyrC4YC1r2,2,3,0,1
AXQK9TnloRjUHS8yVAfU,1,xGGtTI4nXAaGemqiXS5XUKzQITG2,2,3,1,1
AXQK9TnloRjUHS8yVAfU,1,voMVXmunAMRn8KvryeuyrC4YC1r2,2,3,0,1
AtmK9zoQFb7ImslXZMIv,3,lZz9aYfTGXhMIpVpuI5MvwKOC812,2,2,0,1
AtmK9zoQFb7ImslXZMIv,3,lZz9aYfTGXhMIpVpuI5MvwKOC812,2,2,0,1
AnUUsho0cL2ECAQp7AQw,4,lZz9aYfTGXhMIpVpuI5MvwKOC812,2,3,1,1
AnUUsho0cL2ECAQp7AQw,4,lZz9aYfTGXhMIpVpuI5MvwKOC812,2,3,0,1
AnUUsho0cL2ECAQp7AQw,4,l4iWTFEMvUNXkC1Uf82sIL83opn1,3,3,0,1
AnUUsho0cL2ECAQp7AQw,4,l4iWTFEMvUNXkC1Uf82sIL83opn1,3,3,0,0
AnUUsho0cL2ECAQp7AQw,4,l4iWTFEMvUNXkC1Uf82sIL83opn1,3,3,0,1
ANgA4Y6kaJPY5GuE3yKU,4,C16izLNd6RTDLZ544nZd64LrITG3,2,1,0,1
AldhSU2OEBPcPoor3q1a,3,C16izLNd6RTDLZ544nZd64LrITG3,2,3,0,1
AldhSU2OEBPcPoor3q1a,3,lZz9aYfTGXhMIpVpuI5MvwKOC812,2,3,0,1
AldhSU2OEBPcPoor3q1a,3,voMVXmunAMRn8KvryeuyrC4YC1r2,2,3,0,1
AGpjXyMRyH0SDUdffee2,5,voMVXmunAMRn8KvryeuyrC4YC1r2,2,1,0,1
A4NA70WHNGK10Z4OenFu,3,EFyklpIRA3Y6W6u10wFrV0qmIYH2,1,3,1,1
A4NA70WHNGK10Z4OenFu,3,EFyklpIRA3Y6W6u10wFrV0qmIYH2,1,3,0,1
A4NA70WHNGK10Z4OenFu,3,EFyklpIRA3Y6W6u10wFrV0qmIYH2,1,3,0,1
A4NA70WHNGK10Z4OenFu,3,EjT2OL7otRShSYDc2FBPooYekZC3,1,3,0,1
A4NA70WHNGK10Z4OenFu,3,EjT2OL7otRShSYDc2FBPooYekZC3,1,3,1,1
A4NA70WHNGK10Z4OenFu,3,EFyklpIRA3Y6W6u10wFrV0qmIYH2,1,3,0,0
A0PxP2ZtJX2Kj9Yjr1iJ,4,lZz9aYfTGXhMIpVpuI5MvwKOC812,2,4,0,1
A0PxP2ZtJX2Kj9Yjr1iJ,4,dOXY4Mjav6WXnTl6t40bZR2w1an2,2,4,0,1
A0PxP2ZtJX2Kj9Yjr1iJ,4,voMVXmunAMRn8KvryeuyrC4YC1r2,2,4,0,1
A0PxP2ZtJX2Kj9Yjr1iJ,4,xGGtTI4nXAaGemqiXS5XUKzQITG2,2,4,0,1
9JBxhopPIR84rTg1IHij,5,xGGtTI4nXAaGemqiXS5XUKzQITG2,2,1,0,1
9ipVzypRaUQc9T8Lduk8,2,EFyklpIRA3Y6W6u10wFrV0qmIYH2,1,6,1,1
9ipVzypRaUQc9T8Lduk8,2,kQ0okpadrAURKYiYvXdqoiV7I2c2,4,6,1,1
9ipVzypRaUQc9T8Lduk8,2,6OqQDrHmcXS1RWrAXFvvwtNPgdh1,1,6,0,1
9ipVzypRaUQc9T8Lduk8,2,Cb0TFCwYZUUj5xJA43vG9W9LUbn1,3,6,1,1
9ipVzypRaUQc9T8Lduk8,2,hWB4qgFYtIfJABvjq3XfEsxiGVU2,1,6,0,1
9ipVzypRaUQc9T8Lduk8,2,hWB4qgFYtIfJABvjq3XfEsxiGVU2,1,6,1,1
9ipVzypRaUQc9T8Lduk8,2,EFyklpIRA3Y6W6u10wFrV0qmIYH2,1,6,0,1
9ipVzypRaUQc9T8Lduk8,2,Cb0TFCwYZUUj5xJA43vG9W9LUbn1,3,6,0,1
9ipVzypRaUQc9T8Lduk8,2,hWB4qgFYtIfJABvjq3XfEsxiGVU2,1,6,0,1
9ipVzypRaUQc9T8Lduk8,2,kQ0okpadrAURKYiYvXdqoiV7I2c2,4,6,0,1
9ipVzypRaUQc9T8Lduk8,2,hWB4qgFYtIfJABvjq3XfEsxiGVU2,1,6,0,0
94JBAN2rOiXbP8ZSL7D2,1,feKNIFc7PzWm7UU4LzMQaWELnrp1,1,1,1,1
94JBAN2rOiXbP8ZSL7D2,1,feKNIFc7PzWm7UU4LzMQaWELnrp1,1,1,0,1
8hOqjwo4fCo0dclTTTzQ,3,EjT2OL7otRShSYDc2FBPooYekZC3,1,2,0,1
8hOqjwo4fCo0dclTTTzQ,3,EFyklpIRA3Y6W6u10wFrV0qmIYH2,1,2,1,1
8hOqjwo4fCo0dclTTTzQ,3,EFyklpIRA3Y6W6u10wFrV0qmIYH2,1,2,0,1
8HIpab56vMso8OID7ZP1,3,voMVXmunAMRn8KvryeuyrC4YC1r2,2,3,0,1
8HIpab56vMso8OID7ZP1,3,voMVXmunAMRn8KvryeuyrC4YC1r2,2,3,0,1
8HIpab56vMso8OID7ZP1,3,lZz9aYfTGXhMIpVpuI5MvwKOC812,2,3,0,1
84EDRGrNJAJrNB2Lpunj,3,C16izLNd6RTDLZ544nZd64LrITG3,2,1,1,1
84EDRGrNJAJrNB2Lpunj,3,C16izLNd6RTDLZ544nZd64LrITG3,2,1,0,1
804vPnGHVdNojoZeRcKf,1,dOXY4Mjav6WXnTl6t40bZR2w1an2,2,2,0,1
804vPnGHVdNojoZeRcKf,1,C16izLNd6RTDLZ544nZd64LrITG3,2,2,0,1
7y7115ZPgqUhYiOvbNxX,3,EFyklpIRA3Y6W6u10wFrV0qmIYH2,1,3,0,1
7y7115ZPgqUhYiOvbNxX,3,EFyklpIRA3Y6W6u10wFrV0qmIYH2,1,3,1,1
7y7115ZPgqUhYiOvbNxX,3,EFyklpIRA3Y6W6u10wFrV0qmIYH2,1,3,0,0
7y7115ZPgqUhYiOvbNxX,3,voMVXmunAMRn8KvryeuyrC4YC1r2,2,3,0,1
7y7115ZPgqUhYiOvbNxX,3,EFyklpIRA3Y6W6u10wFrV0qmIYH2,1,3,0,1
7VsTWI8MtdigyOJRcra5,5,lZz9aYfTGXhMIpVpuI5MvwKOC812,2,3,0,1
7VsTWI8MtdigyOJRcra5,5,lZz9aYfTGXhMIpVpuI5MvwKOC812,2,3,0,1
7VsTWI8MtdigyOJRcra5,5,C16izLNd6RTDLZ544nZd64LrITG3,2,3,0,1
7VsTWI8MtdigyOJRcra5,5,lZz9aYfTGXhMIpVpuI5MvwKOC812,2,3,1,1
7q0A18uUjBVxBzPelV8t,1,xGGtTI4nXAaGemqiXS5XUKzQITG2,2,2,0,1
7q0A18uUjBVxBzPelV8t,1,kQ0okpadrAURKYiYvXdqoiV7I2c2,4,2,0,1
7q0A18uUjBVxBzPelV8t,1,kQ0okpadrAURKYiYvXdqoiV7I2c2,4,2,1,1
7Kpfm6v2Zpq74HP38Fi2,3,C16izLNd6RTDLZ544nZd64LrITG3,2,3,0,1
7Kpfm6v2Zpq74HP38Fi2,3,voMVXmunAMRn8KvryeuyrC4YC1r2,2,3,0,1
7Kpfm6v2Zpq74HP38Fi2,3,EFyklpIRA3Y6W6u10wFrV0qmIYH2,1,3,0,1
7Kpfm6v2Zpq74HP38Fi2,3,EFyklpIRA3Y6W6u10wFrV0qmIYH2,1,3,1,1
7cgxDF8mrS7pDChIhChh,4,C16izLNd6RTDLZ544nZd64LrITG3,2,6,0,1
7cgxDF8mrS7pDChIhChh,4,l4iWTFEMvUNXkC1Uf82sIL83opn1,3,6,0,1
7cgxDF8mrS7pDChIhChh,4,C16izLNd6RTDLZ544nZd64LrITG3,2,6,1,1
7cgxDF8mrS7pDChIhChh,4,l4iWTFEMvUNXkC1Uf82sIL83opn1,3,6,0,0
7cgxDF8mrS7pDChIhChh,4,C16izLNd6RTDLZ544nZd64LrITG3,2,6,0,1
7cgxDF8mrS7pDChIhChh,4,xGGtTI4nXAaGemqiXS5XUKzQITG2,2,6,0,1
7cgxDF8mrS7pDChIhChh,4,l4iWTFEMvUNXkC1Uf82sIL83opn1,3,6,0,1
7cgxDF8mrS7pDChIhChh,4,l4iWTFEMvUNXkC1Uf82sIL83opn1,3,6,0,1
7C5pVNBVk3YX5tt9aQTZ,3,TgMAGMAPw2WhomkI1bbYNwuTqzz1,1,3,0,1
7C5pVNBVk3YX5tt9aQTZ,3,lZz9aYfTGXhMIpVpuI5MvwKOC812,2,3,0,1
7C5pVNBVk3YX5tt9aQTZ,3,dOXY4Mjav6WXnTl6t40bZR2w1an2,2,3,1,1
7C5pVNBVk3YX5tt9aQTZ,3,dOXY4Mjav6WXnTl6t40bZR2w1an2,2,3,0,1
72oEJRAryijU8Zc8RBst,1,Ade1GjUBjBa8as7trH4gYVL6z643,3,44,0,1
72oEJRAryijU8Zc8RBst,1,d2xjFegkYrbaYVUllZbwOnMPcs22,4,44,0,1
72oEJRAryijU8Zc8RBst,1,Ade1GjUBjBa8as7trH4gYVL6z643,3,44,0,1
72oEJRAryijU8Zc8RBst,1,kQ0okpadrAURKYiYvXdqoiV7I2c2,4,44,0,1
72oEJRAryijU8Zc8RBst,1,Ade1GjUBjBa8as7trH4gYVL6z643,3,44,0,1
72oEJRAryijU8Zc8RBst,1,Ade1GjUBjBa8as7trH4gYVL6z643,3,44,0,1
72oEJRAryijU8Zc8RBst,1,kQ0okpadrAURKYiYvXdqoiV7I2c2,4,44,1,1
72oEJRAryijU8Zc8RBst,1,Ade1GjUBjBa8as7trH4gYVL6z643,3,44,0,1
72oEJRAryijU8Zc8RBst,1,Ade1GjUBjBa8as7trH4gYVL6z643,3,44,0,1
72oEJRAryijU8Zc8RBst,1,Ade1GjUBjBa8as7trH4gYVL6z643,3,44,0,1
72oEJRAryijU8Zc8RBst,1,Ade1GjUBjBa8as7trH4gYVL6z643,3,44,0,1
72oEJRAryijU8Zc8RBst,1,dOXY4Mjav6WXnTl6t40bZR2w1an2,2,44,0,1
72oEJRAryijU8Zc8RBst,1,Ade1GjUBjBa8as7trH4gYVL6z643,3,44,0,1
72oEJRAryijU8Zc8RBst,1,Ade1GjUBjBa8as7trH4gYVL6z643,3,44,0,1
72oEJRAryijU8Zc8RBst,1,Ade1GjUBjBa8as7trH4gYVL6z643,3,44,0,1
72oEJRAryijU8Zc8RBst,1,Ade1GjUBjBa8as7trH4gYVL6z643,3,44,0,1
72oEJRAryijU8Zc8RBst,1,d2xjFegkYrbaYVUllZbwOnMPcs22,4,44,0,1
72oEJRAryijU8Zc8RBst,1,Ade1GjUBjBa8as7trH4gYVL6z643,3,44,0,1
72oEJRAryijU8Zc8RBst,1,dOXY4Mjav6WXnTl6t40bZR2w1an2,2,44,1,1
72oEJRAryijU8Zc8RBst,1,Ade1GjUBjBa8as7trH4gYVL6z643,3,44,0,1
72oEJRAryijU8Zc8RBst,1,Ade1GjUBjBa8as7trH4gYVL6z643,3,44,0,1
72oEJRAryijU8Zc8RBst,1,Ade1GjUBjBa8as7trH4gYVL6z643,3,44,0,1
72oEJRAryijU8Zc8RBst,1,Ade1GjUBjBa8as7trH4gYVL6z643,3,44,0,1
72oEJRAryijU8Zc8RBst,1,dOXY4Mjav6WXnTl6t40bZR2w1an2,2,44,0,1
72oEJRAryijU8Zc8RBst,1,kQ0okpadrAURKYiYvXdqoiV7I2c2,4,44,0,1
72oEJRAryijU8Zc8RBst,1,Ade1GjUBjBa8as7trH4gYVL6z643,3,44,0,1
72oEJRAryijU8Zc8RBst,1,Ade1GjUBjBa8as7trH4gYVL6z643,3,44,0,1
72oEJRAryijU8Zc8RBst,1,Ade1GjUBjBa8as7trH4gYVL6z643,3,44,0,1
72oEJRAryijU8Zc8RBst,1,Ade1GjUBjBa8as7trH4gYVL6z643,3,44,0,1
72oEJRAryijU8Zc8RBst,1,Ade1GjUBjBa8as7trH4gYVL6z643,3,44,0,1
72oEJRAryijU8Zc8RBst,1,kQ0okpadrAURKYiYvXdqoiV7I2c2,4,44,0,1
72oEJRAryijU8Zc8RBst,1,Ade1GjUBjBa8as7trH4gYVL6z643,3,44,0,1
72oEJRAryijU8Zc8RBst,1,Ade1GjUBjBa8as7trH4gYVL6z643,3,44,0,1
72oEJRAryijU8Zc8RBst,1,d2xjFegkYrbaYVUllZbwOnMPcs22,4,44,0,1
72oEJRAryijU8Zc8RBst,1,Ade1GjUBjBa8as7trH4gYVL6z643,3,44,0,1
72oEJRAryijU8Zc8RBst,1,kQ0okpadrAURKYiYvXdqoiV7I2c2,4,44,0,1
72oEJRAryijU8Zc8RBst,1,Ade1GjUBjBa8as7trH4gYVL6z643,3,44,0,1
72oEJRAryijU8Zc8RBst,1,Ade1GjUBjBa8as7trH4gYVL6z643,3,44,0,1
72oEJRAryijU8Zc8RBst,1,Ade1GjUBjBa8as7trH4gYVL6z643,3,44,0,1
72oEJRAryijU8Zc8RBst,1,d2xjFegkYrbaYVUllZbwOnMPcs22,4,44,1,1
72oEJRAryijU8Zc8RBst,1,Ade1GjUBjBa8as7trH4gYVL6z643,3,44,0,1
72oEJRAryijU8Zc8RBst,1,kQ0okpadrAURKYiYvXdqoiV7I2c2,4,44,0,1
72oEJRAryijU8Zc8RBst,1,Ade1GjUBjBa8as7trH4gYVL6z643,3,44,0,1
72oEJRAryijU8Zc8RBst,1,Ade1GjUBjBa8as7trH4gYVL6z643,3,44,0,1
72oEJRAryijU8Zc8RBst,1,Ade1GjUBjBa8as7trH4gYVL6z643,3,44,0,1
72oEJRAryijU8Zc8RBst,1,kQ0okpadrAURKYiYvXdqoiV7I2c2,4,44,1,1
72oEJRAryijU8Zc8RBst,1,Ade1GjUBjBa8as7trH4gYVL6z643,3,44,0,1
72oEJRAryijU8Zc8RBst,1,Ade1GjUBjBa8as7trH4gYVL6z643,3,44,0,1
6RLn3IvalL7iOouUbTV9,2,Ade1GjUBjBa8as7trH4gYVL6z643,3,12,0,1
6RLn3IvalL7iOouUbTV9,2,dOXY4Mjav6WXnTl6t40bZR2w1an2,2,12,0,1
6RLn3IvalL7iOouUbTV9,2,xGGtTI4nXAaGemqiXS5XUKzQITG2,2,12,0,1
6RLn3IvalL7iOouUbTV9,2,hWB4qgFYtIfJABvjq3XfEsxiGVU2,1,12,0,1
6RLn3IvalL7iOouUbTV9,2,EjT2OL7otRShSYDc2FBPooYekZC3,1,12,0,1
6RLn3IvalL7iOouUbTV9,2,xGGtTI4nXAaGemqiXS5XUKzQITG2,2,12,0,1
6RLn3IvalL7iOouUbTV9,2,hWB4qgFYtIfJABvjq3XfEsxiGVU2,1,12,1,1
6RLn3IvalL7iOouUbTV9,2,hWB4qgFYtIfJABvjq3XfEsxiGVU2,1,12,0,1
6RLn3IvalL7iOouUbTV9,2,EjT2OL7otRShSYDc2FBPooYekZC3,1,12,1,1
6RLn3IvalL7iOouUbTV9,2,Ade1GjUBjBa8as7trH4gYVL6z643,3,12,0,0
6RLn3IvalL7iOouUbTV9,2,kQ0okpadrAURKYiYvXdqoiV7I2c2,4,12,1,1
6RLn3IvalL7iOouUbTV9,2,EFyklpIRA3Y6W6u10wFrV0qmIYH2,1,12,1,1
6RLn3IvalL7iOouUbTV9,2,hWB4qgFYtIfJABvjq3XfEsxiGVU2,1,12,0,0
6RLn3IvalL7iOouUbTV9,2,voMVXmunAMRn8KvryeuyrC4YC1r2,2,12,0,1
6RLn3IvalL7iOouUbTV9,2,EFyklpIRA3Y6W6u10wFrV0qmIYH2,1,12,0,1
6RLn3IvalL7iOouUbTV9,2,C16izLNd6RTDLZ544nZd64LrITG3,2,12,0,1
6RLn3IvalL7iOouUbTV9,2,xGGtTI4nXAaGemqiXS5XUKzQITG2,2,12,1,1
6RLn3IvalL7iOouUbTV9,2,EjT2OL7otRShSYDc2FBPooYekZC3,1,12,0,1
6RLn3IvalL7iOouUbTV9,2,kQ0okpadrAURKYiYvXdqoiV7I2c2,4,12,0,1
6o7w6ftooHkbLfdEi9Rp,4,dOXY4Mjav6WXnTl6t40bZR2w1an2,2,4,1,0
6o7w6ftooHkbLfdEi9Rp,4,dOXY4Mjav6WXnTl6t40bZR2w1an2,2,4,0,0
6o7w6ftooHkbLfdEi9Rp,4,dOXY4Mjav6WXnTl6t40bZR2w1an2,2,4,0,0
6o7w6ftooHkbLfdEi9Rp,4,l4iWTFEMvUNXkC1Uf82sIL83opn1,3,4,0,1
6o7w6ftooHkbLfdEi9Rp,4,l4iWTFEMvUNXkC1Uf82sIL83opn1,3,4,1,1
6o7w6ftooHkbLfdEi9Rp,4,l4iWTFEMvUNXkC1Uf82sIL83opn1,3,4,0,1
6JrRk1iBQoxYKvlJSytw,1,HeSu08geVubHffYrUuuw2dbpmqx2,1,10,1,1
6JrRk1iBQoxYKvlJSytw,1,Ade1GjUBjBa8as7trH4gYVL6z643,3,10,0,1
6JrRk1iBQoxYKvlJSytw,1,d2xjFegkYrbaYVUllZbwOnMPcs22,4,10,0,0
6JrRk1iBQoxYKvlJSytw,1,HeSu08geVubHffYrUuuw2dbpmqx2,1,10,0,0
6JrRk1iBQoxYKvlJSytw,1,HeSu08geVubHffYrUuuw2dbpmqx2,1,10,0,0
6JrRk1iBQoxYKvlJSytw,1,d2xjFegkYrbaYVUllZbwOnMPcs22,4,10,1,1
6JrRk1iBQoxYKvlJSytw,1,d2xjFegkYrbaYVUllZbwOnMPcs22,4,10,0,1
6JrRk1iBQoxYKvlJSytw,1,HeSu08geVubHffYrUuuw2dbpmqx2,1,10,1,1
6JrRk1iBQoxYKvlJSytw,1,HeSu08geVubHffYrUuuw2dbpmqx2,1,10,0,1
6JrRk1iBQoxYKvlJSytw,1,d2xjFegkYrbaYVUllZbwOnMPcs22,4,10,1,0
6JrRk1iBQoxYKvlJSytw,1,Cb0TFCwYZUUj5xJA43vG9W9LUbn1,3,10,0,1
6JrRk1iBQoxYKvlJSytw,1,HeSu08geVubHffYrUuuw2dbpmqx2,1,10,0,1
6JrRk1iBQoxYKvlJSytw,1,HeSu08geVubHffYrUuuw2dbpmqx2,1,10,1,1
61E5uzBES5WEo6Mxt1gv,3,EFyklpIRA3Y6W6u10wFrV0qmIYH2,1,1,0,1
61E5uzBES5WEo6Mxt1gv,3,EFyklpIRA3Y6W6u10wFrV0qmIYH2,1,1,0,0
5Y5z5wBA0vBUBnZrFdxC,5,voMVXmunAMRn8KvryeuyrC4YC1r2,2,1,0,1
5sj9eVPU1nAFapWnwde2,3,voMVXmunAMRn8KvryeuyrC4YC1r2,2,2,1,0
5sj9eVPU1nAFapWnwde2,3,voMVXmunAMRn8KvryeuyrC4YC1r2,2,2,0,1
5sj9eVPU1nAFapWnwde2,3,voMVXmunAMRn8KvryeuyrC4YC1r2,2,2,0,1
5MwGb8t7cJ920OS0ektS,1,d2xjFegkYrbaYVUllZbwOnMPcs22,4,7,0,0
5MwGb8t7cJ920OS0ektS,1,Ade1GjUBjBa8as7trH4gYVL6z643,3,7,1,1
5MwGb8t7cJ920OS0ektS,1,dOXY4Mjav6WXnTl6t40bZR2w1an2,2,7,0,0
5MwGb8t7cJ920OS0ektS,1,Rxhwc2Ceotht5evKjDdKLgzhNIt1,7,7,0,1
5MwGb8t7cJ920OS0ektS,1,Ade1GjUBjBa8as7trH4gYVL6z643,3,7,0,1
5MwGb8t7cJ920OS0ektS,1,d2xjFegkYrbaYVUllZbwOnMPcs22,4,7,1,1
5MwGb8t7cJ920OS0ektS,1,Cb0TFCwYZUUj5xJA43vG9W9LUbn1,3,7,1,1
5MwGb8t7cJ920OS0ektS,1,d2xjFegkYrbaYVUllZbwOnMPcs22,4,7,0,1
5MwGb8t7cJ920OS0ektS,1,kQ0okpadrAURKYiYvXdqoiV7I2c2,4,7,0,1
5MwGb8t7cJ920OS0ektS,1,Cb0TFCwYZUUj5xJA43vG9W9LUbn1,3,7,0,1
5MwGb8t7cJ920OS0ektS,1,kQ0okpadrAURKYiYvXdqoiV7I2c2,4,7,1,1
5ie1werNr3gT9OpPRDUP,5,lZz9aYfTGXhMIpVpuI5MvwKOC812,2,3,0,1
5ie1werNr3gT9OpPRDUP,5,xGGtTI4nXAaGemqiXS5XUKzQITG2,2,3,0,1
5ie1werNr3gT9OpPRDUP,5,xGGtTI4nXAaGemqiXS5XUKzQITG2,2,3,0,1
5ie1werNr3gT9OpPRDUP,5,xGGtTI4nXAaGemqiXS5XUKzQITG2,2,3,1,1
5G97vJIa4SoTQCBiVuNA,5,xGGtTI4nXAaGemqiXS5XUKzQITG2,2,4,0,1
5G97vJIa4SoTQCBiVuNA,5,dOXY4Mjav6WXnTl6t40bZR2w1an2,2,4,0,1
5G97vJIa4SoTQCBiVuNA,5,EjT2OL7otRShSYDc2FBPooYekZC3,1,4,1,1
5G97vJIa4SoTQCBiVuNA,5,EjT2OL7otRShSYDc2FBPooYekZC3,1,4,0,1
5G97vJIa4SoTQCBiVuNA,5,hWB4qgFYtIfJABvjq3XfEsxiGVU2,1,4,0,1
53Z5d9Fn1IkBxGQvkPhQ,1,HeSu08geVubHffYrUuuw2dbpmqx2,1,9,0,1
53Z5d9Fn1IkBxGQvkPhQ,1,d2xjFegkYrbaYVUllZbwOnMPcs22,4,9,0,0
53Z5d9Fn1IkBxGQvkPhQ,1,HeSu08geVubHffYrUuuw2dbpmqx2,1,9,0,1
53Z5d9Fn1IkBxGQvkPhQ,1,kQ0okpadrAURKYiYvXdqoiV7I2c2,4,9,0,1
53Z5d9Fn1IkBxGQvkPhQ,1,xGGtTI4nXAaGemqiXS5XUKzQITG2,2,9,0,0
53Z5d9Fn1IkBxGQvkPhQ,1,d2xjFegkYrbaYVUllZbwOnMPcs22,4,9,1,1
53Z5d9Fn1IkBxGQvkPhQ,1,C16izLNd6RTDLZ544nZd64LrITG3,2,9,0,1
53Z5d9Fn1IkBxGQvkPhQ,1,HeSu08geVubHffYrUuuw2dbpmqx2,1,9,1,1
53Z5d9Fn1IkBxGQvkPhQ,1,xGGtTI4nXAaGemqiXS5XUKzQITG2,2,9,0,1
53Z5d9Fn1IkBxGQvkPhQ,1,d2xjFegkYrbaYVUllZbwOnMPcs22,4,9,0,1
53Z5d9Fn1IkBxGQvkPhQ,1,xGGtTI4nXAaGemqiXS5XUKzQITG2,2,9,0,1
53Z5d9Fn1IkBxGQvkPhQ,1,dOXY4Mjav6WXnTl6t40bZR2w1an2,2,9,0,1
51bcJlY296MNYN16whly,4,voMVXmunAMRn8KvryeuyrC4YC1r2,2,4,0,1
51bcJlY296MNYN16whly,4,voMVXmunAMRn8KvryeuyrC4YC1r2,2,4,1,1
51bcJlY296MNYN16whly,4,dOXY4Mjav6WXnTl6t40bZR2w1an2,2,4,0,1
51bcJlY296MNYN16whly,4,lZz9aYfTGXhMIpVpuI5MvwKOC812,2,4,0,1
51bcJlY296MNYN16whly,4,voMVXmunAMRn8KvryeuyrC4YC1r2,2,4,0,1
4ymJ04p8GXQUofMZAm4Q,3,d2xjFegkYrbaYVUllZbwOnMPcs22,4,6,0,1
4ymJ04p8GXQUofMZAm4Q,3,EjT2OL7otRShSYDc2FBPooYekZC3,1,6,1,1
4ymJ04p8GXQUofMZAm4Q,3,dOXY4Mjav6WXnTl6t40bZR2w1an2,2,6,0,1
4ymJ04p8GXQUofMZAm4Q,3,d2xjFegkYrbaYVUllZbwOnMPcs22,4,6,1,1
4ymJ04p8GXQUofMZAm4Q,3,TgMAGMAPw2WhomkI1bbYNwuTqzz1,1,6,0,1
4ymJ04p8GXQUofMZAm4Q,3,TgMAGMAPw2WhomkI1bbYNwuTqzz1,1,6,1,1
4ymJ04p8GXQUofMZAm4Q,3,C16izLNd6RTDLZ544nZd64LrITG3,2,6,0,1
4ymJ04p8GXQUofMZAm4Q,3,EjT2OL7otRShSYDc2FBPooYekZC3,1,6,0,1
4ymJ04p8GXQUofMZAm4Q,3,d2xjFegkYrbaYVUllZbwOnMPcs22,4,6,0,1
4NODziNKGGA3NhCMUH7x,4,xGGtTI4nXAaGemqiXS5XUKzQITG2,2,3,0,1
4NODziNKGGA3NhCMUH7x,4,xGGtTI4nXAaGemqiXS5XUKzQITG2,2,3,1,1
4NODziNKGGA3NhCMUH7x,4,xGGtTI4nXAaGemqiXS5XUKzQITG2,2,3,0,1
4NODziNKGGA3NhCMUH7x,4,xGGtTI4nXAaGemqiXS5XUKzQITG2,2,3,0,1
4bvxx3sPGO1kgmUVVHUh,3,d2xjFegkYrbaYVUllZbwOnMPcs22,4,1,0,1
4b0KjO2t5Id5sUuSJFI6,5,voMVXmunAMRn8KvryeuyrC4YC1r2,2,1,0,1
4AuGN3gs66WLzNqpzxzl,5,dOXY4Mjav6WXnTl6t40bZR2w1an2,2,4,0,1
4AuGN3gs66WLzNqpzxzl,5,l4iWTFEMvUNXkC1Uf82sIL83opn1,3,4,0,1
4AuGN3gs66WLzNqpzxzl,5,d2xjFegkYrbaYVUllZbwOnMPcs22,4,4,0,1
4AuGN3gs66WLzNqpzxzl,5,C16izLNd6RTDLZ544nZd64LrITG3,2,4,0,1
3osmEYdlQqHYs6dUVe5H,4,C16izLNd6RTDLZ544nZd64LrITG3,2,1,0,1
3OK6POn2nZu6v6k1v9XG,3,lZz9aYfTGXhMIpVpuI5MvwKOC812,2,2,0,1
3OK6POn2nZu6v6k1v9XG,3,lZz9aYfTGXhMIpVpuI5MvwKOC812,2,2,0,1
3OK6POn2nZu6v6k1v9XG,3,lZz9aYfTGXhMIpVpuI5MvwKOC812,2,2,1,1
2XHiM3lZMxlrPrbvnRA1,4,hFCh5cEjAISQRtq8ZyXxiJhVuV03,3,12,0,1
2XHiM3lZMxlrPrbvnRA1,4,hFCh5cEjAISQRtq8ZyXxiJhVuV03,3,12,0,1
2XHiM3lZMxlrPrbvnRA1,4,l4iWTFEMvUNXkC1Uf82sIL83opn1,3,12,0,1
2XHiM3lZMxlrPrbvnRA1,4,l4iWTFEMvUNXkC1Uf82sIL83opn1,3,12,0,1
2XHiM3lZMxlrPrbvnRA1,4,hFCh5cEjAISQRtq8ZyXxiJhVuV03,3,12,0,1
2XHiM3lZMxlrPrbvnRA1,4,l4iWTFEMvUNXkC1Uf82sIL83opn1,3,12,1,1
2XHiM3lZMxlrPrbvnRA1,4,l4iWTFEMvUNXkC1Uf82sIL83opn1,3,12,0,1
2XHiM3lZMxlrPrbvnRA1,4,d2xjFegkYrbaYVUllZbwOnMPcs22,4,12,0,1
2XHiM3lZMxlrPrbvnRA1,4,dOXY4Mjav6WXnTl6t40bZR2w1an2,2,12,0,1
2XHiM3lZMxlrPrbvnRA1,4,Cb0TFCwYZUUj5xJA43vG9W9LUbn1,3,12,1,1
2XHiM3lZMxlrPrbvnRA1,4,hFCh5cEjAISQRtq8ZyXxiJhVuV03,3,12,0,1
2XHiM3lZMxlrPrbvnRA1,4,l4iWTFEMvUNXkC1Uf82sIL83opn1,3,12,0,1
2XHiM3lZMxlrPrbvnRA1,4,hFCh5cEjAISQRtq8ZyXxiJhVuV03,3,12,1,1
2XHiM3lZMxlrPrbvnRA1,4,l4iWTFEMvUNXkC1Uf82sIL83opn1,3,12,0,1
2XHiM3lZMxlrPrbvnRA1,4,Cb0TFCwYZUUj5xJA43vG9W9LUbn1,3,12,0,1
2WauMdbFXSFUMbHA6Y0W,5,d2xjFegkYrbaYVUllZbwOnMPcs22,4,2,0,1
2WauMdbFXSFUMbHA6Y0W,5,d2xjFegkYrbaYVUllZbwOnMPcs22,4,2,1,1
2WauMdbFXSFUMbHA6Y0W,5,xGGtTI4nXAaGemqiXS5XUKzQITG2,2,2,0,1
2dwQEqgLfoP6PyEz2gXc,4,d2xjFegkYrbaYVUllZbwOnMPcs22,4,2,1,1
2dwQEqgLfoP6PyEz2gXc,4,d2xjFegkYrbaYVUllZbwOnMPcs22,4,2,0,1
2dwQEqgLfoP6PyEz2gXc,4,d2xjFegkYrbaYVUllZbwOnMPcs22,4,2,0,1
23dpjKcryX4K7RRuVSpC,4,hFCh5cEjAISQRtq8ZyXxiJhVuV03,3,8,0,1
23dpjKcryX4K7RRuVSpC,4,kQ0okpadrAURKYiYvXdqoiV7I2c2,4,8,0,1
23dpjKcryX4K7RRuVSpC,4,hFCh5cEjAISQRtq8ZyXxiJhVuV03,3,8,0,1
23dpjKcryX4K7RRuVSpC,4,xGGtTI4nXAaGemqiXS5XUKzQITG2,2,8,0,0
23dpjKcryX4K7RRuVSpC,4,hFCh5cEjAISQRtq8ZyXxiJhVuV03,3,8,1,1
23dpjKcryX4K7RRuVSpC,4,xGGtTI4nXAaGemqiXS5XUKzQITG2,2,8,0,1
23dpjKcryX4K7RRuVSpC,4,d2xjFegkYrbaYVUllZbwOnMPcs22,4,8,1,1
23dpjKcryX4K7RRuVSpC,4,l4iWTFEMvUNXkC1Uf82sIL83opn1,3,8,0,1
23dpjKcryX4K7RRuVSpC,4,l4iWTFEMvUNXkC1Uf82sIL83opn1,3,8,0,1
23dpjKcryX4K7RRuVSpC,4,d2xjFegkYrbaYVUllZbwOnMPcs22,4,8,0,1
23dpjKcryX4K7RRuVSpC,4,l4iWTFEMvUNXkC1Uf82sIL83opn1,3,8,1,1
23dpjKcryX4K7RRuVSpC,4,xGGtTI4nXAaGemqiXS5XUKzQITG2,2,8,0,1
1wqoay7L9iQSbjfrO3MA,3,EjT2OL7otRShSYDc2FBPooYekZC3,1,5,0,1
1wqoay7L9iQSbjfrO3MA,3,EjT2OL7otRShSYDc2FBPooYekZC3,1,5,1,1
1wqoay7L9iQSbjfrO3MA,3,TgMAGMAPw2WhomkI1bbYNwuTqzz1,1,5,0,1
1wqoay7L9iQSbjfrO3MA,3,dOXY4Mjav6WXnTl6t40bZR2w1an2,2,5,0,1
1wqoay7L9iQSbjfrO3MA,3,kQ0okpadrAURKYiYvXdqoiV7I2c2,4,5,0,1
1wqoay7L9iQSbjfrO3MA,3,EjT2OL7otRShSYDc2FBPooYekZC3,1,5,0,1
1wqoay7L9iQSbjfrO3MA,3,TgMAGMAPw2WhomkI1bbYNwuTqzz1,1,5,1,1
1NsPj2YyPuCSfsrUt192,3,Ade1GjUBjBa8as7trH4gYVL6z643,3,6,0,1
1NsPj2YyPuCSfsrUt192,3,Ade1GjUBjBa8as7trH4gYVL6z643,3,6,1,1
1NsPj2YyPuCSfsrUt192,3,HeSu08geVubHffYrUuuw2dbpmqx2,1,6,0,1
1NsPj2YyPuCSfsrUt192,3,EjT2OL7otRShSYDc2FBPooYekZC3,1,6,0,1
1NsPj2YyPuCSfsrUt192,3,d2xjFegkYrbaYVUllZbwOnMPcs22,4,6,0,1
1NsPj2YyPuCSfsrUt192,3,Ade1GjUBjBa8as7trH4gYVL6z643,3,6,0,1
1NsPj2YyPuCSfsrUt192,3,kQ0okpadrAURKYiYvXdqoiV7I2c2,4,6,0,1
1NsPj2YyPuCSfsrUt192,3,EjT2OL7otRShSYDc2FBPooYekZC3,1,6,1,1
1MHWgXIAzj5NRUWsar7c,4,kQ0okpadrAURKYiYvXdqoiV7I2c2,4,4,1,1
1MHWgXIAzj5NRUWsar7c,4,d2xjFegkYrbaYVUllZbwOnMPcs22,4,4,1,1
1MHWgXIAzj5NRUWsar7c,4,d2xjFegkYrbaYVUllZbwOnMPcs22,4,4,0,1
1MHWgXIAzj5NRUWsar7c,4,HeSu08geVubHffYrUuuw2dbpmqx2,1,4,1,1
1MHWgXIAzj5NRUWsar7c,4,kQ0okpadrAURKYiYvXdqoiV7I2c2,4,4,0,1
1MHWgXIAzj5NRUWsar7c,4,HeSu08geVubHffYrUuuw2dbpmqx2,1,4,0,1
1MHWgXIAzj5NRUWsar7c,4,Cb0TFCwYZUUj5xJA43vG9W9LUbn1,3,4,0,1
1mbpRbd4niJQBWYBD6EP,2,6OqQDrHmcXS1RWrAXFvvwtNPgdh1,1,3,1,1
1mbpRbd4niJQBWYBD6EP,2,kQ0okpadrAURKYiYvXdqoiV7I2c2,4,3,0,1
1mbpRbd4niJQBWYBD6EP,2,d2xjFegkYrbaYVUllZbwOnMPcs22,4,3,0,1
1mbpRbd4niJQBWYBD6EP,2,6OqQDrHmcXS1RWrAXFvvwtNPgdh1,1,3,0,1
1lshHwyfSinJjA6wCz5J,3,d2xjFegkYrbaYVUllZbwOnMPcs22,4,3,0,1
1lshHwyfSinJjA6wCz5J,3,Ade1GjUBjBa8as7trH4gYVL6z643,3,3,1,1
1lshHwyfSinJjA6wCz5J,3,HeSu08geVubHffYrUuuw2dbpmqx2,1,3,0,1
1lshHwyfSinJjA6wCz5J,3,Ade1GjUBjBa8as7trH4gYVL6z643,3,3,0,1
1lshHwyfSinJjA6wCz5J,3,HeSu08geVubHffYrUuuw2dbpmqx2,1,3,1,1
1IO8yBD1O6RpnXcK8sjq,5,xGGtTI4nXAaGemqiXS5XUKzQITG2,2,9,0,0
1IO8yBD1O6RpnXcK8sjq,5,d2xjFegkYrbaYVUllZbwOnMPcs22,4,9,0,1
1IO8yBD1O6RpnXcK8sjq,5,kQ0okpadrAURKYiYvXdqoiV7I2c2,4,9,0,1
1IO8yBD1O6RpnXcK8sjq,5,feKNIFc7PzWm7UU4LzMQaWELnrp1,1,9,0,1
1IO8yBD1O6RpnXcK8sjq,5,d2xjFegkYrbaYVUllZbwOnMPcs22,4,9,0,1
1IO8yBD1O6RpnXcK8sjq,5,d2xjFegkYrbaYVUllZbwOnMPcs22,4,9,0,1
1IO8yBD1O6RpnXcK8sjq,5,kQ0okpadrAURKYiYvXdqoiV7I2c2,4,9,1,1
1IO8yBD1O6RpnXcK8sjq,5,kQ0okpadrAURKYiYvXdqoiV7I2c2,4,9,0,1
1IO8yBD1O6RpnXcK8sjq,5,kQ0okpadrAURKYiYvXdqoiV7I2c2,4,9,0,1
1IO8yBD1O6RpnXcK8sjq,5,d2xjFegkYrbaYVUllZbwOnMPcs22,4,9,1,1
1IO8yBD1O6RpnXcK8sjq,5,HeSu08geVubHffYrUuuw2dbpmqx2,1,9,0,1
1IO8yBD1O6RpnXcK8sjq,5,xGGtTI4nXAaGemqiXS5XUKzQITG2,2,9,0,1
1FczuYa1KhNb8My5zyWl,4,l4iWTFEMvUNXkC1Uf82sIL83opn1,3,5,1,1
1FczuYa1KhNb8My5zyWl,4,l4iWTFEMvUNXkC1Uf82sIL83opn1,3,5,0,1
1FczuYa1KhNb8My5zyWl,4,Ade1GjUBjBa8as7trH4gYVL6z643,3,5,0,1
1FczuYa1KhNb8My5zyWl,4,EjT2OL7otRShSYDc2FBPooYekZC3,1,5,0,1
1FczuYa1KhNb8My5zyWl,4,kQ0okpadrAURKYiYvXdqoiV7I2c2,4,5,0,1
1FczuYa1KhNb8My5zyWl,4,kQ0okpadrAURKYiYvXdqoiV7I2c2,4,5,1,1
1FczuYa1KhNb8My5zyWl,4,dOXY4Mjav6WXnTl6t40bZR2w1an2,2,5,0,1
1FczuYa1KhNb8My5zyWl,4,EjT2OL7otRShSYDc2FBPooYekZC3,1,5,1,1
1cviIzgHzzrJ8zYgDews,3,xGGtTI4nXAaGemqiXS5XUKzQITG2,2,4,0,0
1cviIzgHzzrJ8zYgDews,3,dOXY4Mjav6WXnTl6t40bZR2w1an2,2,4,0,1
1cviIzgHzzrJ8zYgDews,3,C16izLNd6RTDLZ544nZd64LrITG3,2,4,0,1
1cviIzgHzzrJ8zYgDews,3,xGGtTI4nXAaGemqiXS5XUKzQITG2,2,4,0,1
1cviIzgHzzrJ8zYgDews,3,kQ0okpadrAURKYiYvXdqoiV7I2c2,4,4,0,1
12NkzZWimtbh5T9y1ylf,4,l4iWTFEMvUNXkC1Uf82sIL83opn1,3,4,0,0
12NkzZWimtbh5T9y1ylf,4,EjT2OL7otRShSYDc2FBPooYekZC3,1,4,1,1
12NkzZWimtbh5T9y1ylf,4,hFCh5cEjAISQRtq8ZyXxiJhVuV03,3,4,0,1
12NkzZWimtbh5T9y1ylf,4,l4iWTFEMvUNXkC1Uf82sIL83opn1,3,4,0,1
12NkzZWimtbh5T9y1ylf,4,EjT2OL7otRShSYDc2FBPooYekZC3,1,4,0,1
12NkzZWimtbh5T9y1ylf,4,kQ0okpadrAURKYiYvXdqoiV7I2c2,4,4,0,1
0pkgBFx2seFJu3rbYpU1,5,C16izLNd6RTDLZ544nZd64LrITG3,2,4,0,1
0pkgBFx2seFJu3rbYpU1,5,voMVXmunAMRn8KvryeuyrC4YC1r2,2,4,0,1
0pkgBFx2seFJu3rbYpU1,5,dOXY4Mjav6WXnTl6t40bZR2w1an2,2,4,0,1
0pkgBFx2seFJu3rbYpU1,5,xGGtTI4nXAaGemqiXS5XUKzQITG2,2,4,0,1
0OeiOnaPTn1AiJWTUQ9i,5,voMVXmunAMRn8KvryeuyrC4YC1r2,2,2,1,1
0OeiOnaPTn1AiJWTUQ9i,5,voMVXmunAMRn8KvryeuyrC4YC1r2,2,2,0,1
0OeiOnaPTn1AiJWTUQ9i,5,voMVXmunAMRn8KvryeuyrC4YC1r2,2,2,0,1
09f8evdArwApeVwKHrp5,3,d2xjFegkYrbaYVUllZbwOnMPcs22,4,5,0,1
09f8evdArwApeVwKHrp5,3,kQ0okpadrAURKYiYvXdqoiV7I2c2,4,5,1,1
09f8evdArwApeVwKHrp5,3,C16izLNd6RTDLZ544nZd64LrITG3,2,5,0,1
09f8evdArwApeVwKHrp5,3,kQ0okpadrAURKYiYvXdqoiV7I2c2,4,5,0,1
09f8evdArwApeVwKHrp5,3,dOXY4Mjav6WXnTl6t40bZR2w1an2,2,5,0,1
09f8evdArwApeVwKHrp5,3,TgMAGMAPw2WhomkI1bbYNwuTqzz1,1,5,0,1
03CUmWipKQZ73hF5be5b,3,d2xjFegkYrbaYVUllZbwOnMPcs22,4,6,0,1
03CUmWipKQZ73hF5be5b,3,xGGtTI4nXAaGemqiXS5XUKzQITG2,2,6,0,1
03CUmWipKQZ73hF5be5b,3,Cb0TFCwYZUUj5xJA43vG9W9LUbn1,3,6,0,1
03CUmWipKQZ73hF5be5b,3,xGGtTI4nXAaGemqiXS5XUKzQITG2,2,6,1,1
03CUmWipKQZ73hF5be5b,3,HeSu08geVubHffYrUuuw2dbpmqx2,1,6,1,1
03CUmWipKQZ73hF5be5b,3,HeSu08geVubHffYrUuuw2dbpmqx2,1,6,0,1
03CUmWipKQZ73hF5be5b,3,Cb0TFCwYZUUj5xJA43vG9W9LUbn1,3,6,1,1
03CUmWipKQZ73hF5be5b,3,kQ0okpadrAURKYiYvXdqoiV7I2c2,4,6,0,1
03CUmWipKQZ73hF5be5b,3,d2xjFegkYrbaYVUllZbwOnMPcs22,4,6,0,1